0,foot outlet,33.6120833,-85.9632739,Eastaboga,Alabama,AL,36260
1,winn_dixie,33.5978283,-85.928149,Oxford,Alabama,AL,36203
2,target,33.6087685,-85.783059,Oxford,Alabama,AL,36203
3,target,33.2243459,-86.8043602,Alabaster,Alabama,AL,35007
4,walmart,33.2354886,-86.8012102,Alabaster,Alabama,AL,35007
5,publix,33.2747947,-86.7925621,Pelham,Alabama,AL,35124
6,walmart,34.4955794,-87.2769413,Moulton,Alabama,AL,35650
7,target,34.7410978,-86.6821021,Huntsville,Alabama,AL,35806
8,publix,34.756162,-86.7416513,Madison,Alabama,AL,35758
9,publix,33.2800438,-86.8538439,Helena,Alabama,AL,35080
10,walmart,33.27952,-86.8512003,Helena,Alabama,AL,35080
11,dollar_store,34.7072662,-86.7402215,Madison,Alabama,AL,35758
12,star supermarket,34.7385841,-86.5762711,Huntsville,Alabama,AL,35801
13,john's big brother,34.7279191,-86.6288682,Huntsville,Alabama,AL,35816
14,target,34.6735029,-86.5422231,Huntsville,Alabama,AL,35802
15,earthfare,34.7423244,-86.6664531,Huntsville,Alabama,AL,35806
16,walmart,34.61586,-86.570681,Huntsville,Alabama,AL,35803
17,walmart,32.3707826,-86.2682804,Montgomery,Alabama,AL,36107
18,publix,34.6589984,-86.4812712,Owens Cross Roads,Alabama,AL,35763
19,walmart,34.7470725,-86.6760256,Huntsville,Alabama,AL,35806
20,bigk,34.2778702,-86.2038685,Albertville,Alabama,AL,35950
21,piggly_wiggly,34.5397171,-87.1598591,Moulton,Alabama,AL,35650
22,walmart,34.7652145,-86.5924412,Huntsville,Alabama,AL,35810
23,brunos,33.1918725,-87.5241134,Tuscaloosa,Alabama,AL,35404
24,winn_dixie,32.4619323,-86.455441,Prattville,Alabama,AL,36067
25,foodland,34.5248746,-86.8934757,Decatur,Alabama,AL,35603
26,publix,33.3559284,-86.8427022,Hoover,Alabama,AL,35244
27,priceless iga,33.8066063,-85.7602842,Jacksonville,Alabama,AL,36265
28,foodland,34.840542,-87.6867769,Florence,Alabama,AL,35633
29,dollar_store,31.9455073,-86.3153474,Highland Home,Alabama,AL,36041
30,winn_dixie,33.237,-87.552464,Northport,Alabama,AL,35476
31,buddy's,33.259162,-87.514251,Tuscaloosa,Alabama,AL,35406
32,publix,33.2629891,-87.5135906,Tuscaloosa,Alabama,AL,35406
33,piggly_wiggly,33.2298022,-87.5752858,Northport,Alabama,AL,35476
34,cash saver,33.1693639,-87.5276783,Tuscaloosa,Alabama,AL,35405
35,foodland,33.6529759,-86.812571,Gardendale,Alabama,AL,35071
36,walmart,33.6470907,-86.8232982,Gardendale,Alabama,AL,35071
37,food depot,33.6504046,-86.8104138,Gardendale,Alabama,AL,35071
38,walmart,32.434137,-87.012949,Selma,Alabama,AL,36703
39,ray's,31.293158,-85.10996,Columbia,Alabama,AL,36319
40,winn_dixie,33.3462774,-86.6308773,Chelsea,Alabama,AL,35043
41,walmart,33.347786,-86.619238,Chelsea,Alabama,AL,35043
42,jamo's grocery,34.7266594,-86.6266602,Huntsville,Alabama,AL,35805
43,choi's oriental food & gifts,34.7243624,-86.6270196,Huntsville,Alabama,AL,35805
44,jamo's grocery,34.7250017,-86.6266709,Huntsville,Alabama,AL,35805
45,rouse's market,30.2660105,-87.6900354,Gulf Shores,Alabama,AL,36542
46,publix,30.2986297,-87.6816058,Gulf Shores,Alabama,AL,36542
47,piggly_wiggly,30.3928508,-87.6846334,Foley,Alabama,AL,36535
48,winn_dixie,30.3932394,-87.6818332,Foley,Alabama,AL,36535
49,winn_dixie,33.3062857,-87.602672,Northport,Alabama,AL,35475
50,target,33.6054364,-86.6372852,Birmingham,Alabama,AL,35235
51,k mart,33.6416109,-86.6213556,Birmingham,Alabama,AL,35235
52,walmart,33.638953,-86.629165,Birmingham,Alabama,AL,35235
53,sams_club,33.6451413,-86.6251159,Birmingham,Alabama,AL,35235
54,walmart,32.507156,-86.211951,Wetumpka,Alabama,AL,36093
55,dollar_store,33.2371453,-87.6114133,Northport,Alabama,AL,35476
56,dollar_store,33.1706218,-87.5217708,Tuscaloosa,Alabama,AL,35405
57,asian market,33.1954606,-87.5622855,Tuscaloosa,Alabama,AL,35401
58,la bodeguita,33.1978038,-87.5097464,Tuscaloosa,Alabama,AL,35404
59,dollar_store,33.1854227,-87.5292143,Tuscaloosa,Alabama,AL,35401
60,winn_dixie,33.6153319,-86.6181014,Trussville,Alabama,AL,35173
61,savealot,33.3910508,-86.9772661,Bessemer,Alabama,AL,35020
62,fred's,33.3912031,-86.9771213,Bessemer,Alabama,AL,35020
63,dollar_store,33.1656709,-87.5160395,Tuscaloosa,Alabama,AL,35405
64,food giant,33.6980891,-86.6821978,Pinson,Alabama,AL,35126
65,dollar_store,33.2006584,-87.5445022,Tuscaloosa,Alabama,AL,35401
66,mr chen's oriental market,33.2006628,-87.5439684,Tuscaloosa,Alabama,AL,35401
67,piggly_wiggly,33.1968209,-87.5621399,Tuscaloosa,Alabama,AL,35401
68,star supermarket,34.8646324,-86.5705267,Meridianville,Alabama,AL,35759
69,publix,33.6077762,-85.7875592,Oxford,Alabama,AL,36203
70,publix,33.6412303,-86.5797901,Trussville,Alabama,AL,35173
71,publix,33.6557849,-86.6469305,Pinson,Alabama,AL,35126
72,win dixi,33.6523667,-86.6495939,Birmingham,Alabama,AL,35215
73,piggly_wiggly,33.6654342,-85.8254889,Anniston,Alabama,AL,36207
74,ramey's pic n sav,31.5361714,-87.8894552,Jackson,Alabama,AL,36545
75,food tiger,31.2657345,-88.0306387,McIntosh,Alabama,AL,36553
76,publix,33.4532639,-86.9782514,Bessemer,Alabama,AL,35023
77,piggly_wiggly,34.4387242,-88.138478,Red Bay,Alabama,AL,35582
78,dollar_store,34.4401837,-88.1391151,Red Bay,Alabama,AL,35582
79,big star,34.4431655,-88.1468935,Red Bay,Alabama,AL,35582
80,mediterranean and near east food market,33.1672119,-87.5362814,Tuscaloosa,Alabama,AL,35405
81,bargain center food thrift store,33.2414701,-87.5884589,Northport,Alabama,AL,35476
82,dollar_store,33.2006724,-87.5369947,Tuscaloosa,Alabama,AL,35401
83,honey & spice,33.6463641,-86.6341362,Birmingham,Alabama,AL,35235
84,aldi,33.4639637,-86.8213989,Birmingham,Alabama,AL,35209
85,gordo's mexican food,33.4721756,-86.8197482,Birmingham,Alabama,AL,35209
86,dollar_store,33.1449134,-87.5466375,Tuscaloosa,Alabama,AL,35405
87,dollar_store,33.0900013,-87.4582024,Duncanville,Alabama,AL,35456
88,kmart,33.1630682,-87.5459031,Tuscaloosa,Alabama,AL,35405
89,publix,33.1555779,-86.7485346,Calera,Alabama,AL,35040
90,walmart,33.146252,-86.751885,Calera,Alabama,AL,35040
91,kroger,32.6105188,-85.4634465,Auburn,Alabama,AL,36830
92,piggly_wiggly,33.2056432,-87.5017186,Tuscaloosa,Alabama,AL,35404
93,dollar_store,33.2056477,-87.502019,Tuscaloosa,Alabama,AL,35404
94,sams_club,34.6422053,-86.5723694,Huntsville,Alabama,AL,35803
95,piggly_wiggly,33.6591541,-87.601334,Berry,Alabama,AL,35546
96,walmart,34.668517,-86.006085,Scottsboro,Alabama,AL,35768
97,publix,30.630939,-87.912574,Daphne,Alabama,AL,36526
98,market by the bay,30.649705,-87.913116,Daphne,Alabama,AL,36526
99,publix,30.555695,-87.890899,Fairhope,Alabama,AL,36532
100,winn_dixie,32.576416,-85.4966646,Auburn,Alabama,AL,36832
101,walmart,32.570858,-85.49657,Auburn,Alabama,AL,36832
102,aldi,33.6094964,-85.8256631,Oxford,Alabama,AL,36203
103,publix,33.465192,-86.819874,Birmingham,Alabama,AL,35209
104,the fresh market,33.467953,-86.774025,Birmingham,Alabama,AL,35209
105,target,33.467504,-86.775102,Birmingham,Alabama,AL,35209
106,winn_dixie,31.25947,-85.43219,Dothan,Alabama,AL,36303
107,western supermarket,33.4264824,-86.7742867,Vestavia Hills,Alabama,AL,35216
108,lucky's supermarket,34.6307875,-85.7451278,Henagar,Alabama,AL,35978
109,hudd's food center,33.2357141,-86.4836753,Wilsonville,Alabama,AL,35186
110,winn_dixie,33.4961197,-86.8785536,Birmingham,Alabama,AL,35208
111,winn_dixie,33.4173675,-86.6945961,Birmingham,Alabama,AL,35242
112,winn_dixie,33.3354285,-86.9192134,Bessemer,Alabama,AL,35022
113,catherine's market,32.7659486,-85.9449854,Alexander City,Alabama,AL,35010
114,winn_dixie,33.2680852,-86.3550751,Childersburg,Alabama,AL,35044
115,publix,34.8164271,-86.4897547,Huntsville,Alabama,AL,35811
116,publix,33.3469027,-86.7971285,Birmingham,Alabama,AL,35244
117,sprouts,33.3558825,-86.8548146,Hoover,Alabama,AL,35244
118,walmart,31.3157087,-85.8265113,Enterprise,Alabama,AL,36330
119,walmart,31.9396079,-87.7389141,Thomasville,Alabama,AL,36784
120,publix,32.6381809,-85.4801561,Auburn,Alabama,AL,36830
121,publix,32.5854331,-85.4365148,Auburn,Alabama,AL,36830
122,publix,33.403505,-86.8082925,Hoover,Alabama,AL,35226
123,lively's foodland,33.9231542,-85.609398,Piedmont,Alabama,AL,36272
124,winn_dixie,33.7163116,-85.8551404,Anniston,Alabama,AL,36206
125,earth fare,32.6233717,-85.4468207,Auburn,Alabama,AL,36830
126,win-dixie,32.3982667,-87.065826,Selma,Alabama,AL,36701
127,dollar_store,34.7538934,-86.74865,Madison,Alabama,AL,35758
128,sprouts,34.7584292,-86.7293907,Madison,Alabama,AL,35757
129,kroger,34.5601703,-86.9765593,Decatur,Alabama,AL,35601
130,exile armory,33.7518409,-85.8328918,Weaver,Alabama,AL,36277
131,publix,34.1814924,-86.8491746,Cullman,Alabama,AL,35055
132,trader_joes,33.4465102,-86.7296304,Birmingham,Alabama,AL,35243
133,walmart,33.4678637,-86.8215147,Birmingham,Alabama,AL,35209
134,mi pueblo,33.4666125,-86.8243888,Birmingham,Alabama,AL,35209
135,mr. chen's hometown supermarket,33.4607443,-86.8193762,Birmingham,Alabama,AL,35209
136,piggly_wiggly,33.5609218,-88.073344,Millport,Alabama,AL,35576
137,walmart,31.3217229,-86.4450615,Andalusia,Alabama,AL,36420
138,foodland,34.4977753,-87.7239487,Russellville,Alabama,AL,35653
139,walmart,33.2396253,-87.5732875,Northport,Alabama,AL,35476
140,publix,33.510055,-86.8030375,Birmingham,Alabama,AL,35233
141,"ashleys furniture, ollies",33.6859867,-85.8203342,Anniston,Alabama,AL,36201
142,dollar_store,33.5330124,-85.940984,Munford,Alabama,AL,36268
143,lion foods,33.7811962,-85.8988883,Alexandria,Alabama,AL,36250
144,walmart,31.444966,-85.6511772,Ozark,Alabama,AL,36360
145,grocery_outlet,31.4470287,-85.6551428,Ozark,Alabama,AL,36360
146,elberta grocery,30.4139062,-87.594974,Elberta,Alabama,AL,36530
147,walmart,32.385046,-86.184915,Montgomery,Alabama,AL,36117
148,walmart,33.164864,-85.364371,Roanoke,Alabama,AL,36274
149,walmart,33.361719,-87.001921,Bessemer,Alabama,AL,35022
150,walmart,33.590204,-86.70022,Birmingham,Alabama,AL,35215
151,walmart,34.793292,-86.750837,Madison,Alabama,AL,35757
152,walmart,32.835031,-85.178726,Valley,Alabama,AL,36854
153,walmart,34.820128,-86.49261,Huntsville,Alabama,AL,35811
154,walmart,32.493003,-87.849349,Demopolis,Alabama,AL,36732
155,walmart,33.1759079,-86.2854032,Sylacauga,Alabama,AL,35150
156,walmart,34.204319,-86.869567,Cullman,Alabama,AL,35055
157,walmart,31.0379679,-87.4951729,Atmore,Alabama,AL,36502
158,walmart,31.780755,-85.939323,Troy,Alabama,AL,36081
159,walmart,34.440216,-85.76195,Fort Payne,Alabama,AL,35968
160,walmart,34.945898,-86.574707,Hazel Green,Alabama,AL,35750
161,walmart,34.299429,-86.27903,Guntersville,Alabama,AL,35976
162,walmart,30.532086,-87.711089,Robertsdale,Alabama,AL,36567
163,walmart,31.268054,-85.441109,Dothan,Alabama,AL,36303
164,walmart,34.7135989,-86.6249168,Huntsville,Alabama,AL,35805
165,walmart,32.46981,-85.083086,Phenix City,Alabama,AL,36870
166,walmart,31.231526,-85.450493,Dothan,Alabama,AL,36305
167,walmart,30.563659,-88.213981,Theodore,Alabama,AL,36582
168,walmart,30.669712,-88.105083,Mobile,Alabama,AL,36606
169,walmart,33.562105,-86.518619,Leeds,Alabama,AL,35094
170,walmart,33.340851,-86.791181,Pelham,Alabama,AL,35124
171,walmart,33.169989,-87.482461,Tuscaloosa,Alabama,AL,35405
172,walmart,34.657289,-86.485715,Owens Cross Roads,Alabama,AL,35763
173,walmart,34.162885,-85.712618,Centre,Alabama,AL,35960
174,walmart,33.637368,-86.684495,Center Point,Alabama,AL,35215
175,walmart,32.463123,-86.416339,Prattville,Alabama,AL,36066
176,walmart,33.212574,-86.828967,Alabaster,Alabama,AL,35007
177,walmart,32.340452,-86.175231,Montgomery,Alabama,AL,36117
178,walmart,32.630388,-85.495491,Auburn,Alabama,AL,36832
179,walmart,32.402505,-86.266962,Montgomery,Alabama,AL,36107
180,walmart,33.428559,-86.791833,Vestavia Hills,Alabama,AL,35216
181,walmart,33.460574,-86.96832,Bessemer,Alabama,AL,35023
182,walmart,30.522315,-87.848815,Fairhope,Alabama,AL,36532
183,walmart,33.438556,-86.080265,Talladega,Alabama,AL,35160
184,walmart,32.493877,-86.398425,Millbrook,Alabama,AL,36054
185,walmart,32.816741,-86.609419,Clanton,Alabama,AL,35045
186,walmart,30.7171309,-88.1633413,Mobile,Alabama,AL,36618
187,walmart,34.2405233,-87.5987915,Haleyville,Alabama,AL,35565
188,walmart,33.9352,-87.840615,Winfield,Alabama,AL,35594
189,walmart,32.637874,-85.421882,Opelika,Alabama,AL,36801
190,walmart,33.720093,-85.820134,Anniston,Alabama,AL,36206
191,walmart,34.750358,-86.633691,Huntsville,Alabama,AL,35810
192,walmart,33.993612,-86.093629,Attalla,Alabama,AL,35954
193,walmart,33.971218,-86.446599,Oneonta,Alabama,AL,35121
194,walmart,34.341887,-86.500136,Arab,Alabama,AL,35016
195,walmart,34.214766,-86.153387,Boaz,Alabama,AL,35957
196,walmart,31.559638,-87.875509,Jackson,Alabama,AL,36545
197,walmart,30.886011,-87.790076,Bay Minette,Alabama,AL,36507
198,walmart,33.745493,-87.041799,Sumiton,Alabama,AL,35148
199,walmart,31.178814,-85.404472,Dothan,Alabama,AL,36301
200,walmart,33.421996,-86.67595,Birmingham,Alabama,AL,35242
201,walmart,31.148441,-87.063735,Brewton,Alabama,AL,36426
202,walmart,33.4471,-86.821,Birmingham,Alabama,AL,35209
203,walmart,31.849507,-86.647223,Greenville,Alabama,AL,36037
204,walmart,30.799419,-88.096979,Saraland,Alabama,AL,36571
205,walmart,33.579201,-86.9243089,Birmingham,Alabama,AL,35214
206,walmart,34.45249,-86.948782,Hartselle,Alabama,AL,35640
207,walmart,34.1196525,-87.9923238,Hamilton,Alabama,AL,35570
208,walmart,31.051472,-85.899404,Geneva,Alabama,AL,36340
209,walmart,32.5517837,-85.9167142,Tallassee,Alabama,AL,36078
210,asian market,34.7415503,-86.6767372,Huntsville,Alabama,AL,35806
211,walmart,30.267427,-87.686198,Gulf Shores,Alabama,AL,36542
212,winn_dixie,30.2698953,-87.6864852,Gulf Shores,Alabama,AL,36542
213,target,32.6185685,-85.4113313,Opelika,Alabama,AL,36801
214,kroger,32.6207456,-85.4116109,Opelika,Alabama,AL,36801
215,piggly_wiggly,33.4142908,-86.8448869,Hoover,Alabama,AL,35226
216,piggly_wiggly,33.8072708,-86.8104039,Warrior,Alabama,AL,35180
217,fresh market,34.6918269,-86.57026,Huntsville,Alabama,AL,35802
218,aldi,33.4261712,-86.7029532,Birmingham,Alabama,AL,35242
219,hackleburg,34.2766156,-87.8305482,Hackleburg,Alabama,AL,35564
220,piggly_wiggly,33.4814219,-86.7119523,Birmingham,Alabama,AL,35243
221,publix,33.3858798,-86.7405938,Birmingham,Alabama,AL,35244
222,fresh market,33.4215003,-86.7000679,Birmingham,Alabama,AL,35242
223,walmart,30.269264,-87.594308,Orange Beach,Alabama,AL,36561
224,restaurant depot,33.4488057,-86.8268891,Birmingham,Alabama,AL,35209
225,super ofertas,33.4709642,-86.8269303,Birmingham,Alabama,AL,35209
226,brito's supermarket,33.4684959,-86.8257972,Birmingham,Alabama,AL,35209
227,whole_foods,33.3771436,-86.8007887,Hoover,Alabama,AL,35244
228,tienda latina guatemex,31.2047235,-85.3955612,Dothan,Alabama,AL,36301
229,taylor grocery,31.1601446,-85.4686481,Taylor,Alabama,AL,36301
230,safeway,61.1093998,-149.8537099,Anchorage,Alaska,AK,99515
231,the trading union,56.8140827,-132.9582097,Petersburg,Alaska,AK,99833
232,hammer & wikan,56.8101124,-132.9407538,Petersburg,Alaska,AK,99833
233,three bears,60.1241197,-149.4382628,Seward,Alaska,AK,99664
234,carrs,61.5980594,-149.1270236,Palmer,Alaska,AK,99645
235,deca commissary,61.2336548,-149.7665037,Elmendorf AFB,Alaska,AK,99506
236,alaska ship food center,53.8831793,-166.5525885,Unalaska,Alaska,AK,99685
237,leask market,55.1302176,-131.5767235,Metlakatla,Alaska,AK,99926
238,howsers iga supermarket,59.2348953,-135.4461662,Haines,Alaska,AK,99827
239,lakeside grocery,57.0568466,-135.3462843,Sitka,Alaska,AK,99835
240,ac value center,58.6836932,-156.671906,King Salmon,Alaska,AK,99613
241,ninilchik general store,60.040772,-151.6764817,Ninilchik,Alaska,AK,99639
242,nagley's store,62.3230154,-150.1122905,Talkeetna,Alaska,AK,99676
243,alaska & proud market,55.3572399,-131.6942955,Ketchikan,Alaska,AK,99901
244,tatsuda's iga,55.3391188,-131.6361738,Ketchikan,Alaska,AK,99901
245,new sagaya midtown market,61.1870099,-149.8696256,Anchorage,Alaska,AK,99503
246,super bear supermarket,58.3714256,-134.5876551,Juneau,Alaska,AK,99801
247,sunnyside market,58.4114482,-135.7268349,Gustavus,Alaska,AK,99826
248,toshco,58.4157232,-135.7543666,Gustavus,Alaska,AK,99826
249,ketchikan dry goods,55.3409336,-131.6405574,Ketchikan,Alaska,AK,99901
250,front door store,60.5454026,-145.758238,Cordova,Alaska,AK,99574
251,commissary,64.8250819,-147.634241,Fort Wainwright,Alaska,AK,99703
252,commissary,64.6769556,-147.0860446,Eielson AFB,Alaska,AK,99702
253,sockeye trading,58.6835435,-156.6707309,King Salmon,Alaska,AK,99613
254,safeway,33.4885505,-112.0817935,Phoenix,Arizona,AZ,85013
255,basha's,33.3332955,-111.9121727,Tempe,Arizona,AZ,85284
256,fry's marketplace,33.3218992,-111.9303033,Tempe,Arizona,AZ,85284
257,fry's food & drug,33.3790977,-111.9768574,Tempe,Arizona,AZ,85282
258,food conspiracy co-op,32.2269734,-110.9654811,Tucson,Arizona,AZ,85705
259,17th street market,32.2129981,-110.9586534,Tucson,Arizona,AZ,85719
260,fry's food and drug,33.2756105,-111.8608318,Chandler,Arizona,AZ,85286
261,rincon market,32.2281441,-110.9348242,Tucson,Arizona,AZ,85716
262,basha's,36.7095547,-110.2512446,Kayenta,Arizona,AZ,86033
263,safeway,33.3030626,-111.9962063,Phoenix,Arizona,AZ,85048
264,fry's marketplace,33.3036078,-111.9987383,Phoenix,Arizona,AZ,85048
265,trader_joes,33.3040314,-111.9944973,Phoenix,Arizona,AZ,85048
266,basha's,33.4355775,-111.6312451,Mesa,Arizona,AZ,85207
267,safeway,33.7809232,-111.9223707,Scottsdale,Arizona,AZ,85266
268,trader_joes,33.639277,-112.2264979,Glendale,Arizona,AZ,85308
269,trader_joes,33.5831706,-111.9790463,Phoenix,Arizona,AZ,85028
270,sprouts,33.4959129,-112.0197337,Phoenix,Arizona,AZ,85016
271,fry's food,32.1051099,-110.7737925,Tucson,Arizona,AZ,85747
272,target,33.4376997,-112.4213173,Goodyear,Arizona,AZ,85338
273,safeway,33.4512797,-112.3944352,Goodyear,Arizona,AZ,85338
274,safeway,33.6373247,-112.4252242,Surprise,Arizona,AZ,85388
275,safeway,33.4839316,-112.3641397,Goodyear,Arizona,AZ,85395
276,osco,33.6535941,-112.0295923,Phoenix,Arizona,AZ,85050
277,commissary,31.5584081,-110.3506703,Fort Huachuca,Arizona,AZ,85613
278,safeway,32.9938537,-111.5216364,Coolidge,Arizona,AZ,85128
279,fry's marketplace,33.2181001,-111.5657754,San Tan Valley,Arizona,AZ,85140
280,sprout's farmer's market,33.5995046,-111.9787489,Phoenix,Arizona,AZ,85032
281,fry's signature marketplace,33.5810261,-111.9791748,Phoenix,Arizona,AZ,85028
282,whole_foods,33.5851018,-111.9790675,Phoenix,Arizona,AZ,85028
283,fry's marketplace,33.4170532,-111.7349317,Mesa,Arizona,AZ,85205
284,safeway,33.3762905,-112.166201,Laveen,Arizona,AZ,85339
285,safeway,35.2200089,-111.6219568,Flagstaff,Arizona,AZ,86004
286,fry's food & drug,33.334081,-111.8083412,Gilbert,Arizona,AZ,85233
287,basha's,34.2422156,-111.3211423,Payson,Arizona,AZ,85541
288,costco,33.6039316,-111.9864659,Phoenix,Arizona,AZ,85032
289,fry's,33.4342166,-112.558429,Buckeye,Arizona,AZ,85326
290,walmart,32.344184,-111.016194,Tucson,Arizona,AZ,85741
291,k-mart kingman,35.220519,-114.0054042,Kingman,Arizona,AZ,86401
292,bashas,35.2216792,-114.004961,Kingman,Arizona,AZ,86401
293,safeway,33.51122,-112.0147691,Phoenix,Arizona,AZ,85016
294,safeway,33.6758929,-111.8882871,Scottsdale,Arizona,AZ,85255
295,fry's,32.1803101,-110.9825943,Tucson,Arizona,AZ,85713
296,safeway,32.3724178,-111.136735,Tucson,Arizona,AZ,85743
297,bashas',33.5227211,-111.8991853,Scottsdale,Arizona,AZ,85250
298,albertsons,33.5375138,-111.9062557,Scottsdale,Arizona,AZ,85250
299,basha's,33.4529886,-111.7888773,Mesa,Arizona,AZ,85203
300,safeway,32.3074182,-110.8913593,Tucson,Arizona,AZ,85718
301,safeway,33.6105143,-112.0147462,Phoenix,Arizona,AZ,85032
302,bashas,33.509593,-112.3393009,Litchfield Park,Arizona,AZ,85340
303,safeway,32.426801,-110.9595436,Oro Valley,Arizona,AZ,85755
304,walmart,33.4369611,-112.5602639,Buckeye,Arizona,AZ,85326
305,basha's,33.6114111,-112.2221113,Peoria,Arizona,AZ,85381
306,albertsons,33.6402878,-112.419829,Surprise,Arizona,AZ,85388
307,fry's,33.5944968,-112.2189211,Peoria,Arizona,AZ,85381
308,fry's supermarket,33.3793917,-111.9107892,Tempe,Arizona,AZ,85282
309,fry's food,33.4672788,-111.9126864,Scottsdale,Arizona,AZ,85257
310,smart & final,33.4744805,-111.9256799,Scottsdale,Arizona,AZ,85257
311,trader_joes,33.5287582,-111.9270372,Paradise Valley,Arizona,AZ,85253
312,safeway,34.2397334,-111.3176376,Payson,Arizona,AZ,85541
313,walmart,33.6384807,-111.9816524,Phoenix,Arizona,AZ,85032
314,albertsons,33.678709,-111.9746864,Phoenix,Arizona,AZ,85054
315,walmart,33.596146,-111.978633,Phoenix,Arizona,AZ,85032
316,aj's fine foods,33.382011,-111.7569466,Mesa,Arizona,AZ,85204
317,safeway,33.3775382,-111.7237301,Gilbert,Arizona,AZ,85234
318,fry's food & drug,33.3784901,-111.7512925,Gilbert,Arizona,AZ,85234
319,bashas',32.3068902,-111.0106351,Tucson,Arizona,AZ,85704
320,food city,33.4527429,-112.1336884,Phoenix,Arizona,AZ,85009
321,ranch market,33.5106787,-112.2041377,Glendale,Arizona,AZ,85303
322,fry's food store,33.4931647,-112.2016877,Phoenix,Arizona,AZ,85033
323,walmart,33.5514047,-112.1799153,Glendale,Arizona,AZ,85301
324,fry's,33.4629601,-112.3390677,Avondale,Arizona,AZ,85392
325,fry's food,33.4340087,-112.3044527,Avondale,Arizona,AZ,85323
326,walmart,33.459271,-112.3382308,Avondale,Arizona,AZ,85392
327,food city,33.4813465,-112.2020549,Phoenix,Arizona,AZ,85033
328,food city,33.4505772,-112.118003,Phoenix,Arizona,AZ,85009
329,fry's food,33.5250689,-112.2043694,Glendale,Arizona,AZ,85303
330,walmart,32.350839,-110.977172,Tucson,Arizona,AZ,85704
331,safeway,33.3577077,-112.4284145,Goodyear,Arizona,AZ,85338
332,frys marketplace,33.6418104,-112.0110803,Phoenix,Arizona,AZ,85032
333,fry's food,33.3794638,-112.1703378,Laveen,Arizona,AZ,85339
334,el super,33.4815473,-112.2215036,Phoenix,Arizona,AZ,85033
335,fry's food,33.4791949,-111.9841549,Phoenix,Arizona,AZ,85008
336,safeway,33.4089218,-111.9239211,Tempe,Arizona,AZ,85281
337,safeway,33.865149,-112.138994,Phoenix,Arizona,AZ,85086
338,frys food,33.8445051,-112.13393,Phoenix,Arizona,AZ,85086
339,costco,33.2935719,-111.8987509,Chandler,Arizona,AZ,85226
340,fry's marketplace,33.2173579,-111.824916,Chandler,Arizona,AZ,85249
341,hank's market & butcher shop,32.6591917,-114.4100875,Yuma,Arizona,AZ,85367
342,basha's,33.0711667,-112.0467977,Maricopa,Arizona,AZ,85139
343,fry's food and drug,33.3168316,-112.0054694,Phoenix,Arizona,AZ,85044
344,fry's,33.3481069,-111.8579701,Chandler,Arizona,AZ,85225
345,whole_foods,33.3185139,-111.8927867,Chandler,Arizona,AZ,85224
346,fry's food & drug,33.3218516,-111.8748774,Chandler,Arizona,AZ,85224
347,sprouts,33.3189048,-111.8754954,Chandler,Arizona,AZ,85224
348,fry's food store,34.5542779,-112.4824443,Prescott,Arizona,AZ,86305
349,walmart,33.4965559,-112.1724303,Phoenix,Arizona,AZ,85031
350,safeway,32.2631791,-109.8423586,Willcox,Arizona,AZ,85643
351,sprouts,34.5467017,-112.4676939,Prescott,Arizona,AZ,86301
352,safeway,34.5614686,-112.4844588,Prescott,Arizona,AZ,86301
353,bulldog graphics,32.3355466,-111.0571432,Tucson,Arizona,AZ,85741
354,fry's marketplace,33.6384402,-112.1200502,Phoenix,Arizona,AZ,85053
355,sprouts,33.2646645,-111.8562991,Chandler,Arizona,AZ,85248
356,safeway,35.1894734,-111.6637192,Flagstaff,Arizona,AZ,86001
357,fry's,33.3794222,-112.0318279,Phoenix,Arizona,AZ,85042
358,walmart,33.376054,-112.0292616,Phoenix,Arizona,AZ,85042
359,safeway,34.5872351,-112.3299008,Prescott Valley,Arizona,AZ,86314
360,bashas,33.5834965,-112.0117397,Phoenix,Arizona,AZ,85028
361,sprouts,33.5376913,-112.0461889,Phoenix,Arizona,AZ,85016
362,sprouts,33.3033991,-111.7577378,Gilbert,Arizona,AZ,85295
363,walmart,33.5391322,-112.218867,Glendale,Arizona,AZ,85303
364,walmart,33.636517,-112.184744,Glendale,Arizona,AZ,85306
365,basha's,33.3073621,-111.8748637,Chandler,Arizona,AZ,85224
366,safeway,33.3039271,-111.8632691,Chandler,Arizona,AZ,85224
367,fry's,33.6094446,-112.1840023,Glendale,Arizona,AZ,85304
368,walmart,33.431942,-111.865295,Mesa,Arizona,AZ,85201
369,albertsons,32.2989035,-110.9965186,Tucson,Arizona,AZ,85704
370,basha's,33.5176434,-112.0632843,Phoenix,Arizona,AZ,85014
371,walmart,33.5648272,-112.1700077,Glendale,Arizona,AZ,85302
372,ranch market,33.5375834,-112.1329704,Phoenix,Arizona,AZ,85017
373,safeway,33.347966,-111.9818457,Phoenix,Arizona,AZ,85044
374,fry's,33.5523126,-112.1530588,Glendale,Arizona,AZ,85301
375,walmart,33.4523949,-111.8146151,Mesa,Arizona,AZ,85203
376,trader_joes,32.2372851,-110.8586091,Tucson,Arizona,AZ,85712
377,food city,33.4649339,-112.1503004,Phoenix,Arizona,AZ,85009
378,walmart,33.39053,-112.136887,Phoenix,Arizona,AZ,85041
379,smiths supermarket,35.2243448,-114.0342512,Kingman,Arizona,AZ,86409
380,foodcity,33.5398498,-112.1353344,Phoenix,Arizona,AZ,85051
381,frys market,33.5723807,-112.0609655,Phoenix,Arizona,AZ,85020
382,walmart,32.6816308,-114.6474179,Yuma,Arizona,AZ,85364
383,factor warehouse,32.4879997,-114.7820254,San Luis,Arizona,AZ,85349
384,bashas',32.4835197,-110.9203507,Tucson,Arizona,AZ,85739
385,fry's food and drug,33.3938889,-111.9411947,Tempe,Arizona,AZ,85282
386,sprouts,33.4682083,-112.3395879,Avondale,Arizona,AZ,85392
387,walmart,32.426075,-110.940899,Oro Valley,Arizona,AZ,85755
388,del sol,32.4966253,-114.7560838,San Luis,Arizona,AZ,85349
389,fry's food and drug store,33.7106383,-112.2014969,Glendale,Arizona,AZ,85310
390,fry's food and drug,32.3390015,-111.0458194,Tucson,Arizona,AZ,85741
391,food city,33.4941235,-112.0139401,Phoenix,Arizona,AZ,85016
392,costco,33.4736945,-111.9839959,Phoenix,Arizona,AZ,85008
393,albertsons,33.3774371,-111.8761373,Mesa,Arizona,AZ,85202
394,whole_foods,33.3795459,-111.9298951,Tempe,Arizona,AZ,85283
395,sprout's,33.3941914,-111.9113418,Tempe,Arizona,AZ,85282
396,albertsons,33.3648464,-111.9299044,Tempe,Arizona,AZ,85283
397,fry's grocery,33.6391116,-112.0643011,Phoenix,Arizona,AZ,85022
398,walmart,33.423782,-111.7207972,Mesa,Arizona,AZ,85205
399,bashas' supermarket,33.4351736,-111.7209179,Mesa,Arizona,AZ,85205
400,sprouts,33.6373801,-112.1807781,Glendale,Arizona,AZ,85308
401,walmart,32.0849882,-110.7758732,Tucson,Arizona,AZ,85747
402,costco,33.347385,-111.9620109,Tempe,Arizona,AZ,85284
403,fry's food store,33.6401819,-112.3953765,Surprise,Arizona,AZ,85374
404,safeway,33.6126177,-112.1842749,Glendale,Arizona,AZ,85306
405,fry's,33.6379412,-112.1525911,Glendale,Arizona,AZ,85308
406,99 cent only stores,33.4790459,-111.9100278,Scottsdale,Arizona,AZ,85257
407,safeway,33.3776698,-111.6210272,Mesa,Arizona,AZ,85209
408,del sol,32.6970471,-114.6239134,Yuma,Arizona,AZ,85364
409,safeway,34.9033004,-110.1673051,Holbrook,Arizona,AZ,86025
410,food city,34.7273368,-112.010402,Cottonwood,Arizona,AZ,86326
411,fry's,31.5562186,-110.2535455,Sierra Vista,Arizona,AZ,85635
412,el super,33.4937072,-112.1706828,Phoenix,Arizona,AZ,85031
413,fry's,33.3939549,-111.924572,Tempe,Arizona,AZ,85282
414,fry's marketplace,33.5372756,-112.0983175,Phoenix,Arizona,AZ,85021
415,walmart,33.566489,-112.072193,Phoenix,Arizona,AZ,85020
416,fry's,33.5947986,-112.222189,Peoria,Arizona,AZ,85381
417,safeway,33.6406864,-112.1333598,Phoenix,Arizona,AZ,85053
418,walmart,33.5803285,-112.2018835,Glendale,Arizona,AZ,85302
419,safeway,32.3822282,-111.0485519,Tucson,Arizona,AZ,85742
420,safeway,32.8953136,-111.7415564,Casa Grande,Arizona,AZ,85122
421,safeway,32.3359721,-110.9749935,Tucson,Arizona,AZ,85704
422,fry's,33.2904828,-111.7196923,Gilbert,Arizona,AZ,85295
423,99¢ store,33.5832955,-112.1354117,Phoenix,Arizona,AZ,85029
424,latino market,33.4947437,-112.0909829,Phoenix,Arizona,AZ,85013
425,trader_joes,32.3505111,-110.9732658,Tucson,Arizona,AZ,85704
426,bashas',33.4936233,-111.9075221,Scottsdale,Arizona,AZ,85251
427,albertsons,33.4789485,-111.924302,Scottsdale,Arizona,AZ,85257
428,food city,33.4811291,-112.2535319,Phoenix,Arizona,AZ,85037
429,safeway,32.2523011,-111.012519,Tucson,Arizona,AZ,85745
430,safeway,34.7274248,-112.0078225,Cottonwood,Arizona,AZ,86326
431,winco,33.6379475,-112.4229645,Surprise,Arizona,AZ,85388
432,the co-operative,35.2119867,-111.612835,Flagstaff,Arizona,AZ,86004
433,food city,33.4153952,-111.9155894,Tempe,Arizona,AZ,85281
434,sprout's farmers market,33.5813561,-111.8807437,Scottsdale,Arizona,AZ,85260
435,walmart,33.38032,-111.772934,Mesa,Arizona,AZ,85204
436,walmart,33.449316,-111.772239,Mesa,Arizona,AZ,85213
437,fry's marketplace,32.4262588,-111.0450194,Marana,Arizona,AZ,85658
438,basha's (vacant),32.4268474,-111.0780248,Marana,Arizona,AZ,85658
439,safeway,31.5530091,-110.2758681,Sierra Vista,Arizona,AZ,85635
440,safeway,33.5966598,-112.2396866,Peoria,Arizona,AZ,85381
441,sprout's,33.6087014,-112.2392104,Peoria,Arizona,AZ,85381
442,fry's,33.6093355,-112.132096,Phoenix,Arizona,AZ,85053
443,food city,33.4663136,-111.985536,Phoenix,Arizona,AZ,85008
444,aj's,33.510064,-112.0718999,Phoenix,Arizona,AZ,85012
445,basha's,33.9711237,-112.7310565,Wickenburg,Arizona,AZ,85390
446,fry's marketplace,33.5808151,-112.1354519,Phoenix,Arizona,AZ,85029
447,fry's,33.5647285,-112.2537217,Peoria,Arizona,AZ,85345
448,smart & final,33.4065207,-111.9105172,Tempe,Arizona,AZ,85282
449,yasha from russia,33.580415,-112.0133174,Phoenix,Arizona,AZ,85028
450,yusef's middle eastern grocery and deli,33.6257146,-112.0312727,Phoenix,Arizona,AZ,85032
451,alpine country store,33.8487067,-109.1446797,Alpine,Arizona,AZ,85920
452,lotus international market,33.3776434,-111.8583829,Mesa,Arizona,AZ,85210
453,fry's grocery,33.6388195,-112.0537652,Phoenix,Arizona,AZ,85022
454,olsens marketplace,32.3922553,-112.8728868,Ajo,Arizona,AZ,85321
455,food city,33.6185588,-112.3261653,El Mirage,Arizona,AZ,85335
456,fry's food and drug,32.396483,-110.9937485,Tucson,Arizona,AZ,85737
457,fry's food,33.6513495,-112.2564235,Peoria,Arizona,AZ,85382
458,bashas' diné market,36.1627817,-109.5859381,Chinle,Arizona,AZ,86503
459,safeway,31.4012158,-109.9172346,Bisbee,Arizona,AZ,85603
460,baiz fresh foods,33.3796133,-111.87542,Mesa,Arizona,AZ,85202
461,safeway,33.5105667,-111.9103701,Scottsdale,Arizona,AZ,85250
462,fry's grocery store,33.3374374,-111.7571745,Gilbert,Arizona,AZ,85296
463,el super,33.4815587,-112.0142648,Phoenix,Arizona,AZ,85016
464,fry's food & drug,35.1951297,-111.6350925,Flagstaff,Arizona,AZ,86001
465,fry's food and drug,33.406534,-111.7723096,Mesa,Arizona,AZ,85204
466,dollar_store,32.2514846,-110.9619224,Tucson,Arizona,AZ,85705
467,fry's food,34.5882303,-112.341647,Prescott Valley,Arizona,AZ,86314
468,fry's,33.5069046,-112.0411897,Phoenix,Arizona,AZ,85016
469,smith's supermarket,34.4774163,-114.3218688,Lake Havasu City,Arizona,AZ,86403
470,micky's mini mart,33.3796733,-112.5861854,Buckeye,Arizona,AZ,85326
471,safeway,33.2648846,-111.6840501,Queen Creek,Arizona,AZ,85142
472,walmart,32.6744203,-114.6015773,Yuma,Arizona,AZ,85365
473,fresh and easy,33.2609074,-111.8820663,Chandler,Arizona,AZ,85248
474,fry's market place,33.4503834,-111.8030298,Mesa,Arizona,AZ,85203
475,fry's,32.1903182,-110.8425734,Tucson,Arizona,AZ,85730
476,fry's,32.2046874,-110.8424488,Tucson,Arizona,AZ,85710
477,safeway,32.19037,-110.8561342,Tucson,Arizona,AZ,85730
478,johnny gibson's downtown market,32.2217694,-110.9684536,Tucson,Arizona,AZ,85701
479,gilla bend food market,32.9474986,-112.7178502,Gila Bend,Arizona,AZ,85337
480,walmart,33.7084533,-112.1130219,Phoenix,Arizona,AZ,85085
481,aj's fine foods,32.324325,-110.9313498,Tucson,Arizona,AZ,85718
482,safeway,31.9009692,-110.9924778,Green Valley,Arizona,AZ,85614
483,korea mart,33.3890986,-111.8655014,Mesa,Arizona,AZ,85202
484,safeway,33.6241073,-111.941696,Scottsdale,Arizona,AZ,85254
485,fry's food and drug,33.6246404,-111.94461,Scottsdale,Arizona,AZ,85254
486,food city,31.5534721,-110.2549079,Sierra Vista,Arizona,AZ,85635
487,walmart,32.3386673,-111.0491337,Tucson,Arizona,AZ,85741
488,i-mart,33.3227499,-111.8597225,Chandler,Arizona,AZ,85224
489,safeway,31.3644261,-110.940515,Nogales,Arizona,AZ,85621
490,walmart,33.3037879,-111.9473737,Chandler,Arizona,AZ,85226
491,ashoka indian groceries,33.305995,-111.9484838,Chandler,Arizona,AZ,85226
492,walmart,35.0057541,-114.5946765,Fort Mohave,Arizona,AZ,86426
493,herb's herbs,34.4762451,-114.3311099,Lake Havasu City,Arizona,AZ,86403
494,smart & final,32.69933,-114.6184119,Yuma,Arizona,AZ,85364
495,sprouts,32.6992449,-114.6255562,Yuma,Arizona,AZ,85364
496,fry's,32.1318667,-111.0045622,Tucson,Arizona,AZ,85746
497,food city,33.4160242,-111.8019151,Mesa,Arizona,AZ,85203
498,food city,34.5066124,-114.3514242,Lake Havasu City,Arizona,AZ,86403
499,walmart,32.712387,-114.652506,Yuma,Arizona,AZ,85364
500,walmart,33.796641,-111.962216,Cave Creek,Arizona,AZ,85331
501,walmart,32.190893,-110.770299,Tucson,Arizona,AZ,85730
502,walmart,32.2656,-110.9586,Tucson,Arizona,AZ,85719
503,walmart,33.384526,-111.739644,Mesa,Arizona,AZ,85206
504,walmart,33.363017,-111.654204,Mesa,Arizona,AZ,85212
505,walmart,33.713791,-112.201314,Glendale,Arizona,AZ,85310
506,walmart,33.622677,-112.392434,Surprise,Arizona,AZ,85374
507,walmart,32.2236403,-110.9188725,Tucson,Arizona,AZ,85716
508,walmart,31.968821,-110.314252,Benson,Arizona,AZ,85602
509,walmart,34.592452,-112.341401,Prescott Valley,Arizona,AZ,86314
510,walmart,33.51025,-112.267293,Glendale,Arizona,AZ,85305
511,walmart,32.132874,-111.026742,Tucson,Arizona,AZ,85746
512,walmart,32.25197,-110.908802,Tucson,Arizona,AZ,85712
513,walmart,33.656074,-112.150364,Glendale,Arizona,AZ,85308
514,walmart,33.449105,-111.733671,Mesa,Arizona,AZ,85205
515,walmart,33.289278,-111.838011,Chandler,Arizona,AZ,85286
516,walmart,33.4705533,-112.2231777,Phoenix,Arizona,AZ,85035
517,walmart,31.912168,-110.982594,Green Valley,Arizona,AZ,85614
518,walmart,35.082534,-114.5943,Bullhead City,Arizona,AZ,86442
519,target,33.3944893,-111.7854641,Mesa,Arizona,AZ,85204
520,albertsons,33.4238475,-111.7520749,Mesa,Arizona,AZ,85213
521,dollar_store,35.2101743,-109.3302217,Chambers,Arizona,AZ,86502
522,target,33.4544519,-111.6827031,Mesa,Arizona,AZ,85215
523,sprouts,32.3222725,-111.0436035,Tucson,Arizona,AZ,85741
524,sprout's farmers market,33.4362646,-111.7888914,Mesa,Arizona,AZ,85203
525,northern valley produce,31.3443484,-110.9430652,Nogales,Arizona,AZ,85621
526,via brokerage,31.3447593,-110.9426866,Nogales,Arizona,AZ,85621
527,quality experience produce,31.3448852,-110.9427,Nogales,Arizona,AZ,85621
528,target,32.1604549,-110.9902234,Tucson,Arizona,AZ,85714
529,food city,32.1613949,-110.9904702,Tucson,Arizona,AZ,85714
530,aj’s fine foods,33.3181225,-111.964334,Chandler,Arizona,AZ,85226
531,fry's food and drug,33.3049106,-111.787981,Gilbert,Arizona,AZ,85295
532,whole_foods,33.653801,-111.9274741,Phoenix,Arizona,AZ,85054
533,bashas,34.5670136,-111.8647187,Camp Verde,Arizona,AZ,86322
534,whole_foods,33.6537971,-111.9272743,Phoenix,Arizona,AZ,85054
535,fry's,33.5099019,-112.3557028,Litchfield Park,Arizona,AZ,85340
536,trader_joes,33.5070394,-112.0378334,Phoenix,Arizona,AZ,85016
537,trader_joes,34.5481231,-112.4047451,Prescott,Arizona,AZ,86303
538,gilbert music & lessons,33.3289825,-111.795424,Gilbert,Arizona,AZ,85233
539,my first piano,33.3288436,-111.7947113,Gilbert,Arizona,AZ,85233
540,betty gordon realty market,34.1516098,-114.2854638,Parker,Arizona,AZ,85344
541,safeway,34.154733,-114.2759139,Parker,Arizona,AZ,85344
542,bashas',33.6079443,-111.7220161,Fountain Hills,Arizona,AZ,85268
543,safeway,33.6096111,-111.7279993,Fountain Hills,Arizona,AZ,85268
544,safeway,33.3221484,-111.8221884,Chandler,Arizona,AZ,85225
545,whole_foods,33.5063375,-112.0376785,Phoenix,Arizona,AZ,85016
546,dollar_store,34.7800284,-114.4811241,Topock,Arizona,AZ,86436
547,albertsons,32.6851175,-114.6482836,Yuma,Arizona,AZ,85364
548,sprouts,33.317825,-111.9815234,Phoenix,Arizona,AZ,85044
549,smart & final extra!,33.6124906,-111.9763419,Phoenix,Arizona,AZ,85032
550,bashas',33.4680442,-111.685706,Mesa,Arizona,AZ,85215
551,sprouts,33.4736588,-111.7027161,Mesa,Arizona,AZ,85215
552,safeway,33.6415969,-112.0671304,Phoenix,Arizona,AZ,85022
553,asiana market,33.3941726,-111.8731002,Mesa,Arizona,AZ,85202
554,walmart,34.885098,-92.11255,Jacksonville,Arkansas,AR,72076
555,kroger,34.879116,-92.1101223,Jacksonville,Arkansas,AR,72076
556,walmart,34.5885432,-94.2258498,Mena,Arkansas,AR,71953
557,walmart,34.4545144,-93.0605561,Hot Springs National Park,Arkansas,AR,71913
558,harvest foods,34.6286513,-92.5687098,Benton,Arkansas,AR,72019
559,terry's,34.7696986,-92.329459,Little Rock,Arkansas,AR,72207
560,walmart,35.2472503,-91.6872,Searcy,Arkansas,AR,72143
561,walmart,35.1087102,-92.437388,Conway,Arkansas,AR,72032
562,bob's food city,34.5499204,-93.6238951,Mt Ida,Arkansas,AR,71957
563,dollar_store,34.5502297,-93.6243028,Mt Ida,Arkansas,AR,71957
564,ozark natural foods,36.0821802,-94.1543645,Fayetteville,Arkansas,AR,72703
565,harps,36.1081494,-94.1477161,Fayetteville,Arkansas,AR,72703
566,harp's,36.1775297,-94.2095784,Springdale,Arkansas,AR,72762
567,harp's,36.3391999,-94.1161536,Rogers,Arkansas,AR,72756
568,aldi,36.3331405,-94.135893,Rogers,Arkansas,AR,72756
569,akin's natural foods,36.3364258,-94.1764355,Rogers,Arkansas,AR,72756
570,marvin's food store,36.2562784,-94.1354915,Lowell,Arkansas,AR,72745
571,harps food stores,36.3869782,-94.2217834,Bentonville,Arkansas,AR,72712
572,10 box,36.335559,-94.1424984,Rogers,Arkansas,AR,72756
573,la villita supermercado,36.3312762,-94.126699,Rogers,Arkansas,AR,72756
574,harps grocery store,36.2649054,-94.4795107,Gentry,Arkansas,AR,72734
575,walmart,34.3907095,-92.8324878,Malvern,Arkansas,AR,72104
576,sav-a-lot,35.9269615,-89.9258988,Blytheville,Arkansas,AR,72315
577,hudsons,36.2359199,-93.1067267,Harrison,Arkansas,AR,72601
578,edwards,36.2298551,-93.0987283,Harrison,Arkansas,AR,72601
579,walmart,36.2955619,-94.185901,Rogers,Arkansas,AR,72758
580,walmart,35.2178954,-93.1664602,Dardanelle,Arkansas,AR,72834
581,dollar_store,35.2091828,-90.2033703,Marion,Arkansas,AR,72364
582,walmart,35.1687925,-92.7265966,Morrilton,Arkansas,AR,72110
583,dollar_store,34.6269402,-92.4175897,Alexander,Arkansas,AR,72002
584,dollar_store,35.2674088,-91.1989874,McCrory,Arkansas,AR,72101
585,dollar_store,35.6972446,-89.974011,Osceola,Arkansas,AR,72370
586,walmart,35.6966564,-89.9840746,Osceola,Arkansas,AR,72370
587,walmart,35.931083,-89.872175,Blytheville,Arkansas,AR,72315
588,dollar_store,36.0521382,-90.488966,Paragould,Arkansas,AR,72450
589,dollar_store,34.5493546,-93.6248122,Mt Ida,Arkansas,AR,71957
590,walmart,35.8160079,-90.7343835,Jonesboro,Arkansas,AR,72404
591,walmart,34.291348,-92.397163,Sheridan,Arkansas,AR,72150
592,walmart,34.809468,-92.485983,Little Rock,Arkansas,AR,72223
593,walmart,34.8318653,-92.3942574,North Little Rock,Arkansas,AR,72113
594,piggly_wiggly,33.6243729,-91.7908756,Monticello,Arkansas,AR,71655
595,sav-a-lot,33.630536,-91.7964234,Monticello,Arkansas,AR,71655
596,harps food store,36.4768761,-94.2470203,Bella Vista,Arkansas,AR,72714
597,walmart,34.5555728,-90.6506285,West Helena,Arkansas,AR,72390
598,price_chopper,36.3164315,-91.4849868,Hardy,Arkansas,AR,72542
599,gamestop,34.8295314,-92.3911646,North Little Rock,Arkansas,AR,72113
600,wal-mart tire & lube,34.8312736,-92.3950733,North Little Rock,Arkansas,AR,72113
601,kroger,34.8477569,-92.4082058,Maumelle,Arkansas,AR,72113
602,albertsons,33.459194,-94.0418918,Texarkana,Arkansas,AR,71854
603,kroger,34.7978711,-92.2358167,North Little Rock,Arkansas,AR,72116
604,lewis grocery and ryan`s deli,35.8287565,-92.5594283,Leslie,Arkansas,AR,72645
605,bill's fresh market,35.7915339,-90.6706524,Jonesboro,Arkansas,AR,72404
606,kroger,34.7695692,-92.3352108,Little Rock,Arkansas,AR,72207
607,edwards food giant,34.7706511,-92.3573175,Little Rock,Arkansas,AR,72207
608,walmart,35.2207257,-94.2966903,Greenwood,Arkansas,AR,72936
609,edwards food giant,34.6688291,-92.3615279,Little Rock,Arkansas,AR,72209
610,walmart,35.4487479,-93.4604149,Clarksville,Arkansas,AR,72830
611,walmart,36.389152,-94.219316,Bentonville,Arkansas,AR,72712
612,tobacco store,33.6107216,-91.3814912,McGehee,Arkansas,AR,71654
613,walmart,33.6355608,-91.8049195,Monticello,Arkansas,AR,71655
614,hart's family center,36.3925677,-93.7364572,Eureka Springs,Arkansas,AR,72632
615,dollar_store,36.3361815,-94.4598419,Decatur,Arkansas,AR,72722
616,marvins grocery store,36.4208046,-94.4527008,Gravette,Arkansas,AR,72736
617,walmart,36.3325202,-94.1268102,Rogers,Arkansas,AR,72756
618,cook's natural food market,36.3332063,-94.1247775,Rogers,Arkansas,AR,72756
619,walmart,35.028039,-90.793582,Forrest City,Arkansas,AR,72335
620,walmart,33.276653,-93.212017,Magnolia,Arkansas,AR,71753
621,walmart,35.5668534,-92.4544415,Clinton,Arkansas,AR,72031
622,walmart,36.376273,-93.5870153,Berryville,Arkansas,AR,72616
623,walmart,35.6999918,-90.0126791,Osceola,Arkansas,AR,72370
624,convenience with fuel,36.3575,-94.2144,Bentonville,Arkansas,AR,72712
625,walmart,35.225788,-92.389561,Greenbrier,Arkansas,AR,72058
626,walmart,36.248722,-90.963337,Pocahontas,Arkansas,AR,72455
627,walmart,35.165456,-90.20001,West Memphis,Arkansas,AR,72301
628,walmart,36.443317,-94.1191402,Pea Ridge,Arkansas,AR,72751
629,walmart,36.358876,-94.253016,Bentonville,Arkansas,AR,72712
630,walmart,35.825481,-90.671364,Jonesboro,Arkansas,AR,72401
631,walmart,35.802834,-90.698816,Jonesboro,Arkansas,AR,72404
632,walmart,35.253427,-90.777454,Wynne,Arkansas,AR,72396
633,walmart,35.280505,-93.105157,Russellville,Arkansas,AR,72802
634,walmart,34.4944,-93.0402,Hot Springs National Park,Arkansas,AR,71901
635,walmart,34.468587,-93.141385,Hot Springs National Park,Arkansas,AR,71913
636,walmart,36.030222,-90.52319,Paragould,Arkansas,AR,72450
637,walmart,36.164109,-94.091657,Springdale,Arkansas,AR,72764
638,walmart,36.07663,-90.97439,Walnut Ridge,Arkansas,AR,72476
639,walmart,35.1433678,-93.9018368,Booneville,Arkansas,AR,72927
640,walmart,34.632394,-93.055836,Hot Springs Village,Arkansas,AR,71909
641,walmart,36.166247,-94.146954,Springdale,Arkansas,AR,72764
642,walmart,33.2420091,-92.6686538,El Dorado,Arkansas,AR,71730
643,walmart,34.490929,-93.089251,Hot Springs National Park,Arkansas,AR,71913
644,walmart,36.337252,-94.223909,Bentonville,Arkansas,AR,72713
645,walmart,35.197986,-90.182488,Marion,Arkansas,AR,72364
646,walmart,35.3033487,-94.3947163,Fort Smith,Arkansas,AR,72908
647,walmart,35.81895,-90.685267,Jonesboro,Arkansas,AR,72401
648,walmart,35.282606,-93.153513,Russellville,Arkansas,AR,72801
649,walmart,36.1128042,-93.7159682,Huntsville,Arkansas,AR,72740
650,walmart,36.057305,-90.52294,Paragould,Arkansas,AR,72450
651,walmart,35.479083,-94.22879,Alma,Arkansas,AR,72921
652,walmart,33.820498,-92.435566,Fordyce,Arkansas,AR,71742
653,walmart,34.173882,-92.003129,Pine Bluff,Arkansas,AR,71603
654,walmart,33.925385,-93.857443,Nashville,Arkansas,AR,71852
655,walmart,35.0944854,-92.4631765,Conway,Arkansas,AR,72034
656,walmart,33.604067,-91.381208,McGehee,Arkansas,AR,71654
657,walmart,35.507388,-92.032234,Heber Springs,Arkansas,AR,72543
658,walmart,34.043471,-94.319058,De Queen,Arkansas,AR,71832
659,walmart,36.173364,-94.162507,Springdale,Arkansas,AR,72762
660,walmart,35.0724306,-92.4951777,Conway,Arkansas,AR,72034
661,walmart,35.245796,-91.750311,Searcy,Arkansas,AR,72143
662,walmart,35.293369,-93.716195,Paris,Arkansas,AR,72855
663,walmart,35.681492,-90.549868,Trumann,Arkansas,AR,72472
664,walmart,35.503711,-93.84385,Ozark,Arkansas,AR,72949
665,walmart,35.618058,-91.254954,Newport,Arkansas,AR,72112
666,walmart,33.567239,-92.836856,Camden,Arkansas,AR,71701
667,walmart,36.241189,-91.596294,Ash Flat,Arkansas,AR,72513
668,walmart,35.469113,-94.353427,Van Buren,Arkansas,AR,72956
669,walmart,33.657167,-94.10924,Ashdown,Arkansas,AR,71822
670,walmart,34.667147,-92.377089,Little Rock,Arkansas,AR,72209
671,walmart,35.762696,-91.614278,Batesville,Arkansas,AR,72501
672,walmart,36.275243,-92.604523,Flippin,Arkansas,AR,72634
673,walmart,35.867227,-92.101796,Mountain View,Arkansas,AR,72560
674,walmart,36.3549565,-92.3410256,Mountain Home,Arkansas,AR,72653
675,walmart,33.680812,-93.614678,Hope,Arkansas,AR,71801
676,walmart,34.477048,-91.549074,Stuttgart,Arkansas,AR,72160
677,grocery_outlet,34.9657102,-92.4235614,Mayflower,Arkansas,AR,72106
678,grocery_outlet,34.9651554,-92.4237684,Mayflower,Arkansas,AR,72106
679,dollar_store,35.2759401,-90.4718046,Earle,Arkansas,AR,72331
680,dollar_store,35.2760742,-90.4692175,Earle,Arkansas,AR,72331
681,walmart,36.269042,-93.139074,Harrison,Arkansas,AR,72601
682,harp's,35.5661861,-94.3665268,Cedarville,Arkansas,AR,72932
683,natural grocery,34.7923727,-92.400444,Little Rock,Arkansas,AR,72212
684,brookshire_brothers,34.1222744,-93.08485,Arkadelphia,Arkansas,AR,71923
685,brookshire_brothers,33.65967,-94.1145408,Ashdown,Arkansas,AR,71822
686,brookshire_brothers,33.5754709,-92.853449,Camden,Arkansas,AR,71701
687,brookshire_brothers,33.2345763,-92.6663619,El Dorado,Arkansas,AR,71730
688,super 1 foods,34.2138543,-91.9845917,Pine Bluff,Arkansas,AR,71601
689,super 1 foods,34.2009845,-92.0255296,Pine Bluff,Arkansas,AR,71603
690,super 1 foods,34.2485317,-92.0676676,White Hall,Arkansas,AR,71602
691,super 1 foods,34.2026886,-92.0469983,Pine Bluff,Arkansas,AR,71603
692,super 1 foods,33.6766073,-93.5994218,Hope,Arkansas,AR,71801
693,kroger,34.7567967,-92.3248568,Little Rock,Arkansas,AR,72205
694,california oranges,36.1012355,-118.8280675,Springville,California,CA,93265
695,trader_joes,37.8455505,-122.252655,Oakland,California,CA,94618
696,albertsons,33.7291978,-117.9562908,Fountain Valley,California,CA,92708
697,saigon city marketplace,33.7382341,-117.9561985,Westminster,California,CA,92683
698,lunardi's,37.5945434,-122.3849757,Burlingame,California,CA,94010
699,india cash & carry,37.3513957,-122.0056924,Sunnyvale,California,CA,94087
700,kumud groceries,37.3529854,-122.0041823,Sunnyvale,California,CA,94086
701,99 ranch market,34.0776395,-118.100828,San Gabriel,California,CA,91776
702,bristol farms,32.8675067,-117.2150963,San Diego,California,CA,92122
703,ralphs,32.8665227,-117.2320632,La Jolla,California,CA,92037
704,trader_joes,32.865636,-117.2324066,La Jolla,California,CA,92037
705,sprouts,32.8516297,-117.2144772,San Diego,California,CA,92122
706,sprouts,32.8242768,-117.1837,San Diego,California,CA,92117
707,lucky,37.5966691,-122.3874554,Millbrae,California,CA,94030
708,ralphs,34.0172999,-118.4076922,Culver City,California,CA,90232
709,trader_joes,34.0203234,-118.4220689,Los Angeles,California,CA,90034
710,trader_joes,34.0254942,-118.39265,Culver City,California,CA,90232
711,sam's market,37.8682831,-122.2592177,Berkeley,California,CA,94704
712,shattuck market,37.8650305,-122.267112,Berkeley,California,CA,94704
713,redwood valley market,39.2648404,-123.2043527,Redwood Valley,California,CA,95470
714,safeway,37.7767382,-122.3942265,San Francisco,California,CA,94107
715,nijiya market,37.5483584,-122.3111453,San Mateo,California,CA,94403
716,lucky,37.3539748,-121.998114,Santa Clara,California,CA,95051
717,alameda natural grocery,37.7676863,-122.2396875,Alameda,California,CA,94501
718,safeway,37.3606848,-122.0969937,Los Altos,California,CA,94024
719,raley's,39.1684002,-123.2089722,Ukiah,California,CA,95482
720,lucky,39.1523364,-123.2015312,Ukiah,California,CA,95482
721,windmill market,36.84105,-121.535026,San Juan Bautista,California,CA,95045
722,ralphs,32.7495753,-117.154615,San Diego,California,CA,92103
723,sprouts,32.753307,-117.145895,San Diego,California,CA,92103
724,basha's,34.8253634,-114.5949591,Needles,California,CA,92363
725,mi pueblo,37.0144001,-121.5830607,Gilroy,California,CA,95020
726,nob hill,37.0144,-121.5850776,Gilroy,California,CA,95020
727,gerrard's market,34.0426024,-117.1840753,Redlands,California,CA,92373
728,calmart,37.786265,-122.4528047,San Francisco,California,CA,94118
729,168 market,34.080386,-118.1099551,Alhambra,California,CA,91801
730,168 market,34.1045388,-118.0873216,San Gabriel,California,CA,91776
731,lucky,37.5675185,-122.0231979,Fremont,California,CA,94536
732,trader_joes,37.8988539,-122.2995747,El Cerrito,California,CA,94530
733,sprout's farmers market,37.3675387,-122.0302442,Sunnyvale,California,CA,94086
734,sprouts,34.1869917,-118.3186927,Burbank,California,CA,91504
735,ranch 99,37.377664,-122.076577,Mountain View,California,CA,94040
736,mitsuwa marketplace,34.1027317,-118.1068215,San Gabriel,California,CA,91776
737,super a foods,34.3969347,-118.918784,Fillmore,California,CA,93015
738,trader_joes,37.2883696,-121.9325822,Campbell,California,CA,95008
739,whole_foods,37.2929857,-121.9304536,Campbell,California,CA,95008
740,nijiya market,37.3786706,-122.0714464,Mountain View,California,CA,94040
741,trader_joes,37.8099099,-122.2443754,Oakland,California,CA,94610
742,trader_joes,33.6503583,-117.8375537,Irvine,California,CA,92612
743,albertsons,32.6264844,-117.075597,Chula Vista,California,CA,91910
744,albertsons,33.1318495,-117.0595207,Escondido,California,CA,92027
745,ralphs,32.7942263,-117.2543046,San Diego,California,CA,92109
746,minute mart,32.757146,-117.086522,San Diego,California,CA,92115
747,smart & final,32.7481139,-117.140395,San Diego,California,CA,92104
748,foodland iga #3,32.720976,-117.085641,San Diego,California,CA,92102
749,vien dong iii,32.784503,-117.169782,San Diego,California,CA,92111
750,food center market,32.755239,-117.094062,San Diego,California,CA,92115
751,seafood city,32.9137121,-117.131518,San Diego,California,CA,92126
752,albertsons,33.1400088,-117.1384078,San Marcos,California,CA,92069
753,ralphs,32.775739,-117.155093,San Diego,California,CA,92108
754,lucky seafood supermarket,32.9189539,-117.1242707,San Diego,California,CA,92126
755,carnival supermarket,32.808766,-117.160587,San Diego,California,CA,92111
756,albertsons,32.9790506,-117.2491477,Del Mar,California,CA,92014
757,sprout's,33.244442,-117.291178,Oceanside,California,CA,92057
758,vons,32.6458007,-116.9664562,Chula Vista,California,CA,91915
759,ralphs,32.771965,-117.005518,La Mesa,California,CA,91941
760,foodland iga #2,32.682715,-117.099599,National City,California,CA,91950
761,ralphs,32.918104,-117.122446,San Diego,California,CA,92126
762,el tigre warehouse,32.576028,-117.070202,San Diego,California,CA,92154
763,albertsons,32.91548,-117.121944,San Diego,California,CA,92126
764,wisteria candy cottage,32.668419,-116.288345,Boulevard,California,CA,91905
765,ralphs,33.19255,-117.360537,Oceanside,California,CA,92054
766,vons supermarket,32.7653189,-117.0242861,La Mesa,California,CA,91942
767,harvest international market,32.812549,-117.2001002,San Diego,California,CA,92117
768,food 4 less supermarket,32.660204,-117.085871,National City,California,CA,91950
769,ralphs,33.140681,-117.042902,Escondido,California,CA,92027
770,harvest ranch market #4,32.959484,-117.264857,Del Mar,California,CA,92014
771,albertsons,32.658835,-117.089328,National City,California,CA,91950
772,northgate market,32.6916119,-117.1039822,San Diego,California,CA,92113
773,prime market,32.743215,-117.234541,San Diego,California,CA,92107
774,vons supermarket,33.190414,-117.3612,Oceanside,California,CA,92054
775,pancho villa farmer's market,32.7545883,-117.1233809,San Diego,California,CA,92104
776,albertsons,32.739736,-116.938143,Spring Valley,California,CA,91978
777,el tigre foods warehouse,33.368481,-117.249825,Fallbrook,California,CA,92028
778,pay-low super market,32.698243,-117.027292,San Diego,California,CA,92114
779,albertsons,32.80863,-116.920223,El Cajon,California,CA,92021
780,grocery_outlet,32.605164,-117.066523,Chula Vista,California,CA,91911
781,vinh-hung supermarket,32.909248,-117.145551,San Diego,California,CA,92126
782,albertsons,32.708019,-117.008632,Spring Valley,California,CA,91977
783,albertsons,33.1087912,-117.1058556,Escondido,California,CA,92029
784,ralphs,33.1725456,-117.254385,Oceanside,California,CA,92056
785,albertsons,32.9765943,-117.0892356,San Diego,California,CA,92129
786,vine ripe market,32.776064,-117.019748,La Mesa,California,CA,91942
787,food 4 less supermarket,32.8480954,-116.985351,Santee,California,CA,92071
788,harvest ranch market #1,32.78666,-116.927332,El Cajon,California,CA,92019
789,ralphs,32.644696,-117.0014,Chula Vista,California,CA,91910
790,albertsons,32.796004,-116.96407,El Cajon,California,CA,92020
791,jonathans of la jolla,32.842531,-117.274095,La Jolla,California,CA,92037
792,albertsons,32.7436452,-117.0452275,Lemon Grove,California,CA,91945
793,alpine ranch market,32.8350132,-116.7544394,Alpine,California,CA,91901
794,food 4 less supermarket,32.7437148,-117.0375892,Lemon Grove,California,CA,91945
795,food giant,32.696312,-117.086173,San Diego,California,CA,92113
796,food 4 less supermarket,32.750884,-117.068158,San Diego,California,CA,92115
797,ralphs,32.681256,-117.079978,National City,California,CA,91950
798,la jolla shores market,32.853574,-117.254215,La Jolla,California,CA,92037
799,ralphs,32.7521337,-117.2122405,San Diego,California,CA,92110
800,stumps apple market #3,32.741212,-117.22919,San Diego,California,CA,92107
801,albertsons,33.0178029,-117.061518,San Diego,California,CA,92128
802,albertsons,33.1796031,-117.2963569,Oceanside,California,CA,92056
803,food 4 less supermarket,32.603238,-117.083898,Chula Vista,California,CA,91911
804,ralphs,32.71211,-117.163352,San Diego,California,CA,92101
805,seafood city,32.67514,-117.09129,National City,California,CA,91950
806,albertsons,32.851002,-116.931922,Lakeside,California,CA,92040
807,dons market,33.109385,-116.67568,Santa Ysabel,California,CA,92070
808,ralphs,32.981149,-117.075899,San Diego,California,CA,92128
809,ralphs,33.207979,-117.28169,Oceanside,California,CA,92056
810,albertsons,32.554334,-117.050617,San Ysidro,California,CA,92173
811,albertsons,33.0873168,-117.267067,Carlsbad,California,CA,92009
812,ralphs,32.769245,-117.054379,San Diego,California,CA,92115
813,albertsons,33.1668328,-117.2480912,Vista,California,CA,92081
814,salsa market,32.781016,-116.967177,El Cajon,California,CA,92020
815,big ben market,32.676022,-117.105487,National City,California,CA,91950
816,garden farms market,32.64365,-117.083869,Chula Vista,California,CA,91910
817,food palace,32.697051,-117.117565,San Diego,California,CA,92113
818,albertsons,32.856622,-116.972206,Santee,California,CA,92071
819,albertsons,33.039255,-116.8770916,Ramona,California,CA,92065
820,harvest ranch market #2,33.0356349,-117.2381936,Encinitas,California,CA,92024
821,hometown iga #2,32.64015,-117.095826,Chula Vista,California,CA,91910
822,ralphs,32.61566,-117.024862,Chula Vista,California,CA,91911
823,food 4 less supermarket,33.192867,-117.250936,Vista,California,CA,92081
824,food 4 less supermarket,32.708647,-117.085973,San Diego,California,CA,92102
825,ralphs,32.676575,-117.038896,San Diego,California,CA,92139
826,albertsons,32.8016882,-117.013077,San Diego,California,CA,92119
827,market place #204,32.7495176,-117.1175361,San Diego,California,CA,92104
828,popular grocery,32.7151018,-117.1534817,San Diego,California,CA,92101
829,albertsons,33.3716426,-117.2556814,Fallbrook,California,CA,92028
830,raleys,38.912013,-120.0058143,South Lake Tahoe,California,CA,96150
831,target,34.1429497,-118.2586522,Glendale,California,CA,91210
832,trader_joes,37.3410206,-121.9095071,San Jose,California,CA,95110
833,ranch 99,34.1880845,-118.4652991,Van Nuys,California,CA,91411
834,trader_joes,37.6038042,-122.3959012,Millbrae,California,CA,94030
835,pass farmers market,36.9709942,-121.4195769,Gilroy,California,CA,95020
836,whole_foods,37.7811499,-122.3997789,San Francisco,California,CA,94107
837,world market,36.9823992,-122.0287207,Santa Cruz,California,CA,95060
838,staff of life,36.9805889,-122.0082911,Santa Cruz,California,CA,95062
839,food 4 less,37.0583932,-120.8234279,Los Banos,California,CA,93635
840,new leaf community market,36.9728586,-122.0255911,Santa Cruz,California,CA,95060
841,nature's best food,37.8027213,-122.2649954,Oakland,California,CA,94612
842,cc market,40.5069211,-124.1123834,Rio Dell,California,CA,95562
843,hernandez market,36.9685655,-122.0287856,Santa Cruz,California,CA,95060
844,marina supermarket,37.8000223,-122.4416127,San Francisco,California,CA,94123
845,beach market,36.9653543,-122.0178469,Santa Cruz,California,CA,95060
846,trader_joes,37.2930632,-121.9941994,San Jose,California,CA,95129
847,live oak super,36.975642,-121.983443,Santa Cruz,California,CA,95062
848,walgreens,37.2502525,-121.8299256,San Jose,California,CA,95123
849,lucky,37.2503279,-121.8292626,San Jose,California,CA,95123
850,ralphs,34.1770427,-119.2162359,Port Hueneme,California,CA,93041
851,marukai,37.3218846,-122.0185478,Cupertino,California,CA,95014
852,whole_foods,34.0328696,-118.4946307,Santa Monica,California,CA,90403
853,tehran market,34.0273658,-118.4885099,Santa Monica,California,CA,90403
854,super max,36.8021003,-121.6654488,Salinas,California,CA,93907
855,el patio,36.9371467,-121.8627937,Watsonville,California,CA,95076
856,summit store,37.1204485,-121.9287522,Los Gatos,California,CA,95033
857,trader_joes,32.736068,-117.2173712,San Diego,California,CA,92106
858,lion market,37.3315271,-121.8538537,San Jose,California,CA,95122
859,sunshine market,32.8796646,-117.2360192,La Jolla,California,CA,92093
860,henry's,32.7987261,-117.2470531,San Diego,California,CA,92109
861,trader_joes,32.7979974,-117.2477741,San Diego,California,CA,92109
862,sprouts,33.0749554,-117.2387789,Carlsbad,California,CA,92009
863,safeway,36.9785814,-121.9086088,Aptos,California,CA,95003
864,ocean beach people's coop,32.7495327,-117.2429018,San Diego,California,CA,92107
865,stater bros.,33.995763,-117.0568568,Calimesa,California,CA,92320
866,groceries for less,34.0048356,-117.0610138,Yucaipa,California,CA,92399
867,mollie stone's,37.760689,-122.4362449,San Francisco,California,CA,94114
868,lunardi's,37.2565472,-121.8973336,San Jose,California,CA,95124
869,henrys,33.6816117,-117.9175631,Costa Mesa,California,CA,92626
870,lazy acres,34.4002857,-119.7216572,Santa Barbara,California,CA,93109
871,albertsons,34.4025023,-119.7237944,Santa Barbara,California,CA,93109
872,redwood mercantile,39.8508711,-123.7169852,Leggett,California,CA,95585
873,safeway,37.7574898,-122.2507848,Alameda,California,CA,94501
874,trader_joes,37.7577613,-122.2514016,Alameda,California,CA,94501
875,trader_joes,33.7012346,-117.8844251,Santa Ana,California,CA,92707
876,ralphs,34.0455899,-118.2608354,Los Angeles,California,CA,90015
877,ralphs,33.819545,-117.9601612,Anaheim,California,CA,92804
878,stater bros.,33.8242583,-117.9579726,Anaheim,California,CA,92804
879,target,33.7029593,-117.8872354,Santa Ana,California,CA,92704
880,savemart,39.7566905,-121.8641326,Chico,California,CA,95926
881,mitsuwa,33.6816194,-117.8840935,Costa Mesa,California,CA,92626
882,99 ranch market,37.8986126,-122.3073582,Richmond,California,CA,94804
883,nob hill,37.0472454,-122.0271583,Scotts Valley,California,CA,95066
884,lucky,37.388455,-122.0294043,Sunnyvale,California,CA,94085
885,new india bazaar,37.3528899,-121.9629999,Santa Clara,California,CA,95050
886,99 cents only,32.8032021,-116.9961045,El Cajon,California,CA,92020
887,scotts valley market,37.0607155,-122.0065764,Scotts Valley,California,CA,95066
888,trader_joes,38.0091681,-121.3226915,Stockton,California,CA,95207
889,podesto's,38.0114821,-121.3216023,Stockton,California,CA,95207
890,wildberries marketplace,40.8716801,-124.085342,Arcata,California,CA,95521
891,montana farms,34.0373355,-118.4885534,Santa Monica,California,CA,90403
892,star market,36.6559508,-121.6587383,Salinas,California,CA,93901
893,nob hill foods,36.6554358,-121.661813,Salinas,California,CA,93901
894,lucky,36.6591354,-121.6606848,Salinas,California,CA,93901
895,nielsen's,34.6001435,-120.1268783,Solvang,California,CA,93463
896,mona lisa,32.726261,-117.1691081,San Diego,California,CA,92101
897,albertsons,34.0402818,-118.4826045,Santa Monica,California,CA,90403
898,ralphs,33.0191473,-117.1127421,San Diego,California,CA,92127
899,jimbo's,33.0188594,-117.1138407,San Diego,California,CA,92127
900,s & b market,38.9701618,-123.6871269,Manchester,California,CA,95459
901,trader_joes,34.0263863,-118.4558302,Santa Monica,California,CA,90405
902,safeway,37.3346481,-121.887647,San Jose,California,CA,95113
903,nob hill foods,37.5232316,-122.2518358,Redwood City,California,CA,94065
904,lucky,37.5983937,-122.0690938,Union City,California,CA,94587
905,food 4 less,34.0651461,-117.2249769,Redlands,California,CA,92373
906,cali mart,34.0783087,-118.1131332,Alhambra,California,CA,91801
907,ralphs,34.1049596,-118.1352046,Alhambra,California,CA,91801
908,target,37.3733609,-122.0324436,Sunnyvale,California,CA,94086
909,nugget markets,38.7897526,-121.279782,Roseville,California,CA,95678
910,trader_joes,37.9952982,-122.286643,Pinole,California,CA,94564
911,albertsons,34.1082355,-117.6121381,Rancho Cucamonga,California,CA,91730
912,mi pueblo,37.461546,-122.1376046,East Palo Alto,California,CA,94303
913,albertsons,34.120103,-117.5918446,Rancho Cucamonga,California,CA,91730
914,stater bros,34.1341172,-117.5925666,Rancho Cucamonga,California,CA,91737
915,whole_foods,34.1380197,-118.1477551,Pasadena,California,CA,91105
916,bristol markets,33.7569289,-116.3891806,Palm Desert,California,CA,92260
917,albertsons,33.7426752,-116.3054403,Palm Desert,California,CA,92211
918,walmart,32.8423055,-116.9903086,Santee,California,CA,92071
919,smart and final extra,32.8081859,-116.9749539,El Cajon,California,CA,92020
920,costco,32.7740116,-117.0243048,La Mesa,California,CA,91942
921,costco,32.637262,-117.022053,Chula Vista,California,CA,91910
922,pescados y mariscos,32.608312,-117.080051,Chula Vista,California,CA,91911
923,ralphs,32.981149,-117.075899,San Diego,California,CA,92128
924,albertsons,32.747164,-116.984651,Spring Valley,California,CA,91977
925,costco,33.1354312,-117.1259349,San Marcos,California,CA,92069
926,bine & vine bottle shop,32.7634804,-117.1219925,San Diego,California,CA,92116
927,corner liquor,32.7632306,-117.1215448,San Diego,California,CA,92116
928,food bowl,32.7220617,-117.1289514,San Diego,California,CA,92102
929,trader_joes,32.982014,-117.0749868,San Diego,California,CA,92128
930,northgate market,32.6985822,-117.1457621,San Diego,California,CA,92113
931,sprouts,32.8375846,-116.9935923,Santee,California,CA,92071
932,nugget markets,38.5501266,-121.6960082,Davis,California,CA,95618
933,raley's,38.0665187,-122.1679672,Benicia,California,CA,94510
934,food maxx,39.1404243,-121.6334364,Yuba City,California,CA,95991
935,sams club,33.5532065,-117.1777615,Murrieta,California,CA,92563
936,trader_joes,35.244986,-120.673454,San Luis Obispo,California,CA,93401
937,smart and final,37.3530306,-121.9611027,Santa Clara,California,CA,95050
938,lee's market,37.7986741,-122.4090015,San Francisco,California,CA,94133
939,safeway,37.3010651,-121.9517864,San Jose,California,CA,95117
940,hankook korean market,34.2295029,-118.2480204,La Crescenta,California,CA,91214
941,ralphs,34.2232947,-118.236819,La Crescenta,California,CA,91214
942,lotte market,34.21619,-118.2239344,La Canada Flintridge,California,CA,91011
943,ralphs,34.1489747,-118.1313255,Pasadena,California,CA,91106
944,sprouts,33.0447942,-117.2607761,Encinitas,California,CA,92024
945,big lots,37.3536299,-121.998654,Santa Clara,California,CA,95051
946,college market,38.5708674,-122.4434981,Angwin,California,CA,94508
947,coop market,34.0242673,-118.4826946,Santa Monica,California,CA,90404
948,trader_joes,34.9380455,-120.4209007,Santa Maria,California,CA,93454
949,ralphs,34.4359096,-119.8038467,Santa Barbara,California,CA,93111
950,indo china market,34.4296881,-119.8670757,Goleta,California,CA,93117
951,99 ranch market,32.8333057,-117.1607751,San Diego,California,CA,92111
952,cost plus world market,37.3940426,-122.096791,Mountain View,California,CA,94040
953,s-mart foods,38.1140855,-121.2811715,Lodi,California,CA,95240
954,food-4-less,38.1140053,-121.3057433,Lodi,California,CA,95242
955,trader_joes,33.7274855,-116.3965765,Palm Desert,California,CA,92260
956,food 4 less,35.244552,-120.673528,San Luis Obispo,California,CA,93401
957,natural selection,39.223735,-121.053672,Grass Valley,California,CA,95945
958,trader_joes,34.4389102,-119.7289451,Santa Barbara,California,CA,93105
959,ralphs,33.6474401,-117.6876239,Lake Forest,California,CA,92630
960,safeway,38.0547702,-122.1557205,Benicia,California,CA,94510
961,trader_joes,33.5288349,-117.156097,Temecula,California,CA,92591
962,save mart,38.649725,-121.326109,Carmichael,California,CA,95608
963,whole_foods,36.9742625,-121.9635827,Capitola,California,CA,95010
964,westlake iga market,38.5544642,-121.7869414,Davis,California,CA,95616
965,walmart,36.693096,-121.801112,Marina,California,CA,93933
966,dollar_store,40.9037999,-124.0818494,Arcata,California,CA,95521
967,ray's food place,40.903162,-124.081886,Arcata,California,CA,95521
968,rite aid,40.9331433,-124.1012739,McKinleyville,California,CA,95519
969,ray's food place,40.9335873,-124.1029657,McKinleyville,California,CA,95519
970,morgan hill foods,37.1288726,-121.6597076,Morgan Hill,California,CA,95037
971,trader_joes,32.7791359,-117.0057306,La Mesa,California,CA,91942
972,safeway,37.8064387,-122.4128908,San Francisco,California,CA,94133
973,twain harte market,38.0399728,-120.2248706,Twain Harte,California,CA,95383
974,siêu thi thuân phát el monte superstore,34.059963,-118.063463,South El Monte,California,CA,91733
975,cecy's market,34.0951193,-118.3007912,Los Angeles,California,CA,90029
976,el c lollo meat market,34.0769216,-118.275498,Los Angeles,California,CA,90026
977,dollar_store,34.0865443,-118.1864998,Los Angeles,California,CA,90032
978,trader_joes,37.726601,-122.4762084,San Francisco,California,CA,94132
979,bel air supermarket,38.4866182,-121.5351981,Sacramento,California,CA,95831
980,nugget markets,38.4946211,-121.5211208,Sacramento,California,CA,95831
981,trader_joes,37.9377015,-122.0256327,Concord,California,CA,94518
982,windmill farms,32.7839251,-117.0596437,San Diego,California,CA,92120
983,eureka natural foods,40.793186,-124.1781229,Eureka,California,CA,95501
984,albertsons,33.5624303,-117.6461601,Ladera Ranch,California,CA,92694
985,whole_foods,34.1878067,-118.8734441,Thousand Oaks,California,CA,91360
986,trader_joes,37.4964036,-122.2485356,San Carlos,California,CA,94070
987,lunardi's,37.6188611,-122.439906,San Bruno,California,CA,94066
988,del mar foods,34.0620933,-118.0986244,Rosemead,California,CA,91770
989,arcadia supermarket,34.1272822,-118.0530946,Arcadia,California,CA,91007
990,albertsons,34.3949057,-119.5119971,Carpinteria,California,CA,93013
991,ralphs,34.1634591,-118.8235355,Thousand Oaks,California,CA,91362
992,trader_joes,37.871694,-122.273253,Berkeley,California,CA,94704
993,grocery_outlet,34.0398355,-117.9977611,La Puente,California,CA,91746
994,albertsons,33.5282882,-117.7176622,Laguna Niguel,California,CA,92677
995,hollister super market,36.8531594,-121.401266,Hollister,California,CA,95023
996,stater bros,33.6081853,-117.7317358,Laguna Woods,California,CA,92637
997,t.s. emporium,34.0623032,-118.1236641,Monterey Park,California,CA,91754
998,hawaii supermarket,34.0792536,-118.0988599,San Gabriel,California,CA,91776
999,india cash and carry,37.5501435,-122.2643937,Foster City,California,CA,94404
